{
    "name": "root",
    "gauges": {
        "Evac.Policy.Entropy.mean": {
            "value": 1.066237211227417,
            "min": 1.066237211227417,
            "max": 1.3565702438354492,
            "count": 2
        },
        "Evac.Environment.EpisodeLength.mean": {
            "value": 215.13636363636363,
            "min": 215.13636363636363,
            "max": 222.15540540540542,
            "count": 2
        },
        "Evac.Policy.ExtrinsicValueEstimate.mean": {
            "value": -2.493748664855957,
            "min": -2.493748664855957,
            "max": -2.373128652572632,
            "count": 2
        },
        "Evac.Environment.CumulativeReward.mean": {
            "value": -6.728138686419824,
            "min": -7.675961117360842,
            "max": -6.728138686419824,
            "count": 2
        },
        "Evac.Policy.ExtrinsicReward.mean": {
            "value": -6.728138686419824,
            "min": -7.675961117360842,
            "max": -6.728138686419824,
            "count": 2
        },
        "Evac.Losses.ValueLoss.mean": {
            "value": 1.2490004301071167,
            "min": 1.2490004301071167,
            "max": 1.2928439378738403,
            "count": 2
        },
        "Evac.Losses.PolicyLoss.mean": {
            "value": 0.09825965017080307,
            "min": 0.09595310688018799,
            "max": 0.09825965017080307,
            "count": 2
        },
        "Evac.Policy.LearningRate.mean": {
            "value": 0.0002910168550442904,
            "min": 0.0002910168550442904,
            "max": 0.0002969912311527878,
            "count": 2
        },
        "Evac.Policy.Epsilon.mean": {
            "value": 0.2940112054347992,
            "min": 0.2940112054347992,
            "max": 0.29799413681030273,
            "count": 2
        },
        "Evac.Policy.Beta.mean": {
            "value": 0.004850579891353846,
            "min": 0.004850579891353846,
            "max": 0.004949953872710466,
            "count": 2
        },
        "Evac.IsTraining.mean": {
            "value": 1.0,
            "min": 1.0,
            "max": 1.0,
            "count": 2
        }
    },
    "metadata": {
        "timer_format_version": "0.1.0",
        "start_time_seconds": "1598787411",
        "python_version": "3.6.10 |Anaconda, Inc.| (default, May  7 2020, 19:46:08) [MSC v.1916 64 bit (AMD64)]",
        "command_line_arguments": "E:\\anaconda3\\envs\\ml-agent\\Scripts\\mlagents-learn ./config/ppo/Searcher.yaml --run-id=./Searcher --force",
        "mlagents_version": "0.17.0",
        "mlagents_envs_version": "0.17.0",
        "communication_protocol_version": "1.0.0",
        "tensorflow_version": "2.0.0",
        "end_time_seconds": "1598787660"
    },
    "total": 248.1936766,
    "count": 1,
    "self": 0.004049000000009073,
    "children": {
        "run_training.setup": {
            "total": 0.0070293,
            "count": 1,
            "self": 0.0070293
        },
        "TrainerController.start_learning": {
            "total": 248.1825983,
            "count": 1,
            "self": 6.162675399998648,
            "children": {
                "TrainerController._reset_env": {
                    "total": 6.1256075999999995,
                    "count": 1,
                    "self": 6.1256075999999995
                },
                "TrainerController.advance": {
                    "total": 235.54959180000134,
                    "count": 15172,
                    "self": 0.13964740000358233,
                    "children": {
                        "env_step": {
                            "total": 235.40994439999776,
                            "count": 15172,
                            "self": 224.55239599999794,
                            "children": {
                                "SubprocessEnvManager._take_step": {
                                    "total": 10.695204500000639,
                                    "count": 15172,
                                    "self": 0.425153300000936,
                                    "children": {
                                        "NNPolicy.evaluate": {
                                            "total": 10.270051199999703,
                                            "count": 14461,
                                            "self": 10.270051199999703
                                        }
                                    }
                                },
                                "workers": {
                                    "total": 0.16234389999918797,
                                    "count": 15171,
                                    "self": 0.0,
                                    "children": {
                                        "worker_root": {
                                            "total": 241.21477929999975,
                                            "count": 15171,
                                            "is_parallel": true,
                                            "self": 38.78250719999937,
                                            "children": {
                                                "steps_from_proto": {
                                                    "total": 0.0009774,
                                                    "count": 1,
                                                    "is_parallel": true,
                                                    "self": 0.00022150000000000002,
                                                    "children": {
                                                        "_process_vector_observation": {
                                                            "total": 0.0007559,
                                                            "count": 2,
                                                            "is_parallel": true,
                                                            "self": 0.0007559
                                                        }
                                                    }
                                                },
                                                "UnityEnvironment.step": {
                                                    "total": 202.43129470000036,
                                                    "count": 15171,
                                                    "is_parallel": true,
                                                    "self": 2.573598099999515,
                                                    "children": {
                                                        "UnityEnvironment._generate_step_input": {
                                                            "total": 1.7470831999999556,
                                                            "count": 15171,
                                                            "is_parallel": true,
                                                            "self": 1.7470831999999556
                                                        },
                                                        "communicator.exchange": {
                                                            "total": 185.22441750000092,
                                                            "count": 15171,
                                                            "is_parallel": true,
                                                            "self": 185.22441750000092
                                                        },
                                                        "steps_from_proto": {
                                                            "total": 12.886195899999954,
                                                            "count": 15171,
                                                            "is_parallel": true,
                                                            "self": 2.0838582999992674,