{
    "name": "root",
    "gauges": {
        "Evac.Policy.Entropy.mean": {
            "value": 0.28003811836242676,
            "min": 0.20860597491264343,
            "max": 0.35694414377212524,
            "count": 52
        },
        "Evac.Environment.EpisodeLength.mean": {
            "value": 189.59844054580896,
            "min": 165.44666666666666,
            "max": 210.78343949044586,
            "count": 52
        },
        "Evac.Policy.ExtrinsicValueEstimate.mean": {
            "value": 4.274529933929443,
            "min": 4.229282379150391,
            "max": 5.177666664123535,
            "count": 52
        },
        "Evac.Environment.CumulativeReward.mean": {
            "value": 9.278711585567155,
            "min": 8.07007519476594,
            "max": 9.482819122895599,
            "count": 52
        },
        "Evac.Policy.ExtrinsicReward.mean": {
            "value": 9.278711585567155,
            "min": 8.07007519476594,
            "max": 9.482819122895599,
            "count": 52
        },
        "Evac.Losses.ValueLoss.mean": {
            "value": 0.4879981577396393,
            "min": 0.3405199348926544,
            "max": 1.2203282117843628,
            "count": 52
        },
        "Evac.Losses.PolicyLoss.mean": {
            "value": 0.04799048230051994,
            "min": 0.04498659074306488,
            "max": 0.04974474757909775,
            "count": 52
        },
        "Evac.Policy.LearningRate.mean": {
            "value": 7.712266096859821e-07,
            "min": 7.712266096859821e-07,
            "max": 7.660335541004315e-05,
            "count": 52
        },
        "Evac.Policy.Epsilon.mean": {
            "value": 0.10025705397129059,
            "min": 0.10025705397129059,
            "max": 0.12553443014621735,
            "count": 52
        },
        "Evac.Policy.Beta.mean": {
            "value": 2.2826407075626776e-05,
            "min": 2.2826407075626776e-05,
            "max": 0.0012841676361858845,
            "count": 52
        },
        "Evac.IsTraining.mean": {
            "value": 1.0,
            "min": 1.0,
            "max": 1.0,
            "count": 52
        }
    },
    "metadata": {
        "timer_format_version": "0.1.0",
        "start_time_seconds": "1600597102",
        "python_version": "3.6.10 |Anaconda, Inc.| (default, May  7 2020, 19:46:08) [MSC v.1916 64 bit (AMD64)]",
        "command_line_arguments": "C:\\Users\\AFFINITY\\anaconda3\\envs\\ml-agent\\Scripts\\mlagents-learn ./config/ppo/Evac.yaml --run-id=./Agent19_School_06 --resume",
        "mlagents_version": "0.17.0",
        "mlagents_envs_version": "0.17.0",
        "communication_protocol_version": "1.0.0",
        "tensorflow_version": "2.3.0",
        "end_time_seconds": "1600612881"
    },
    "total": 15778.8012412,
    "count": 1,
    "self": 3.547467400001551,
    "children": {
        "run_training.setup": {
            "total": 0.0073231,
            "count": 1,
            "self": 0.0073231
        },
        "TrainerController.start_learning": {
            "total": 15775.246450699999,
            "count": 1,
            "self": 273.627943699732,
            "children": {
                "TrainerController._reset_env": {
                    "total": 6.7531885,
                    "count": 1,
                    "self": 6.7531885
                },
                "TrainerController.advance": {
                    "total": 15494.667504400268,
                    "count": 778916,
                    "self": 8.414030300435115,
                    "children": {
                        "env_step": {
                            "total": 15486.253474099833,
                            "count": 778916,
                            "self": 14059.061465399185,
                            "children": {
                                "SubprocessEnvManager._take_step": {
                                    "total": 1416.5329981004738,
                                    "count": 778916,
                                    "self": 24.14610950057522,
                                    "children": {
                                        "NNPolicy.evaluate": {
                                            "total": 1392.3868885998986,
                                            "count": 758810,
                                            "self": 1392.3868885998986
                                        }
                                    }
                                },
                                "workers": {
                                    "total": 10.65901060017352,
                                    "count": 778916,
                                    "self": 0.0,
                                    "children": {
                                        "worker_root": {
                                            "total": 15749.409912599835,
                                            "count": 778916,
                                            "is_parallel": true,
                                            "self": 2835.481216199856,
                                            "children": {
                                                "steps_from_proto": {
                                                    "total": 0.0024977,
                                                    "count": 1,
                                                    "is_parallel": true,
                                                    "self": 0.00020910000000000026,
                                                    "children": {
                                                        "_process_vector_observation": {
                                                            "total": 0.0022885999999999996,
                                                            "count": 10,
                                                            "is_parallel": true,
                                                            "self": 0.0022885999999999996
                                                        }
                                                    }
                                                },
                                                "UnityEnvironment.step": {
                                                    "total": 12913.926198699979,
                                                    "count": 778916,
                                                    "is_parallel": true,
                                                    "self": 185.03093029940464,
                                                    "children": {
                                                        "UnityEnvironment._generate_step_input": {
                                                            "total": 71.44061790055414,
                                                            "count": 778916,
                                                            "is_parallel": true,
                                                            "self": 71.44061790055414
                                                        },
                                                        "communicator.exchange": {
                                                            "total": 11738.913796200217,
                                                            "count": 778916,
                                                            "is_parallel": true,
                                                            "self": 11738.913796200217
                                                        },
                                                        "steps_from_proto": {
                                                            "total": 918.5408542998022,
                                                            "count": 778916,
                                                            "is_parallel": true,
                                                            "self": 138.39692749990047,