Steps,Policy/Entropy,Environment/Episode Length,Policy/Extrinsic Value Estimate,Environment/Cumulative Reward,Policy/Extrinsic Reward,Losses/Value Loss,Losses/Policy Loss,Policy/Learning Rate,Policy/Epsilon,Policy/Beta,Is Training
100000,1.3565702,222.15540540540542,-2.3731287,-7.675961117360842,-7.675961117360842,1.2928439,0.09595311,0.00029699123,0.29799414,0.004949954,1.0
200000,1.0662372,215.13636363636363,-2.4937487,-6.728138686419824,-6.728138686419824,1.2490004,0.09825965,0.00029101686,0.2940112,0.00485058,1.0
