{"count":1,"self":49.593830399999995,"total":50.9273276,"children":{"AgentSendState":{"count":6933,"self":0.0641032,"total":0.0712086,"children":{"CollectObservations":{"count":1387,"self":0.0045791999999999994,"total":0.0045791999999999994,"children":null},"CollectDiscreteActionMasks":{"count":1387,"self":0.0025261999999999997,"total":0.0025261999999999997,"children":null}}},"DecideAction":{"count":6933,"self":1.0411808999999999,"total":1.2102099,"children":{"RayPerceptionSensor.Perceive":{"count":1387,"self":0.16902899999999998,"total":0.16902899999999998,"children":null}}},"AgentAct":{"count":6933,"self":0.051064399999999996,"total":0.051064399999999996,"children":null}},"gauges":{"Evac.CumulativeReward":{"count":10,"max":10.9733334,"min":5.72667027,"runningAverage":8.909335,"value":10.06,"weightedAverage":8.791926}},"metadata":{"timer_format_version":"0.1.0","start_time_seconds":"1598598399","unity_version":"2019.4.8f1","command_line_arguments":"C:\\Program Files\\Unity\\Hub\\Editor\\2019.4.8f1\\Editor\\Unity.exe -projectpath D:\/MYS\/Evac_Simulation\/Evac_Simulation -useHub -hubIPC -cloudEnvironment production -hubSessionId bcc71b90-e8c8-11ea-b47b-99376bbff785 -accessToken k2P9JgE_35hFR83VjViezpPqvfNSJHhUrMg_xgW1Y2o00df","communication_protocol_version":"1.0.0","com.unity.ml-agents_version":"1.0.4","scene_name":"MLAgentTest","end_time_seconds":"1598598450"}}