{"count":1,"self":1235.9097344,"total":4266.2573247,"children":{"AgentSendState":{"count":1473251,"self":72.2113088,"total":809.2223832,"children":{"CollectObservations":{"count":4714416,"self":6.5164399999999993,"total":6.5164399,"children":null},"CollectDiscreteActionMasks":{"count":4714416,"self":6.1433392,"total":6.1433393999999995,"children":null},"AgentInfo.ToProto":{"count":4714416,"self":22.2534016,"total":724.35129769999992,"children":{"GenerateSensorData":{"count":4714416,"self":91.67447039999999,"total":702.0978953,"children":{"RayPerceptionSensor.Perceive":{"count":4714416,"self":610.4233984,"total":610.4234232,"children":null}}}}}}},"DecideAction":{"count":1473251,"self":2173.4764544,"total":2173.4765110999997,"children":null},"AgentAct":{"count":1473251,"self":43.583535999999995,"total":44.418876399999995,"children":{"AgentInfo.ToProto":{"count":4806,"self":0.0332849,"total":0.83534049999999993,"children":{"GenerateSensorData":{"count":4806,"self":0.1245186,"total":0.8020556,"children":{"RayPerceptionSensor.Perceive":{"count":4806,"self":0.677537,"total":0.677537,"children":null}}}}}}},"AgentInfo.ToProto":{"count":16329,"self":0.1640932,"total":3.2288357,"children":{"GenerateSensorData":{"count":16329,"self":0.48917639999999996,"total":3.0647425,"children":{"RayPerceptionSensor.Perceive":{"count":16329,"self":2.575566,"total":2.5755661,"children":null}}}}}},"gauges":{"Evac.CumulativeReward":{"count":21135,"max":12,"min":-58.221756,"runningAverage":-7.15306568,"value":0,"weightedAverage":-4.44352055}},"metadata":{"timer_format_version":"0.1.0","start_time_seconds":"1598788062","unity_version":"2019.4.8f1","command_line_arguments":"C:\\Program Files\\Unity\\Hub\\Editor\\2019.3.13f1\\Editor\\Unity.exe -projectpath C:\/Users\/AFFINITY\/Desktop\/MYS\/Evac_Simulation\/Evac_Simulation -useHub -hubIPC -cloudEnvironment production -hubSessionId 1b2f17c0-eab6-11ea-8c09-9391c3786fd5","communication_protocol_version":"1.0.0","com.unity.ml-agents_version":"1.0.4","scene_name":"MLAgentTest","end_time_seconds":"1598792328"}}