{"count":1,"self":1381.5760896,"total":5505.4282083,"children":{"AgentSendState":{"count":1562734,"self":83.465375999999992,"total":564.2879834,"children":{"CollectObservations":{"count":5000752,"self":23.980457599999998,"total":23.980457899999998,"children":null},"CollectDiscreteActionMasks":{"count":5000752,"self":6.4799976,"total":6.4799975,"children":null},"AgentInfo.ToProto":{"count":5000752,"self":25.8217648,"total":450.36215139999996,"children":{"GenerateSensorData":{"count":5000752,"self":96.5975168,"total":424.54038599999996,"children":{"RayPerceptionSensor.Perceive":{"count":5000752,"self":327.9428608,"total":327.9428711,"children":null}}}}}}},"DecideAction":{"count":1562734,"self":2062.4779264,"total":2062.4779008,"children":null},"AgentAct":{"count":1562734,"self":1493.0182144,"total":1493.2431176999999,"children":{"AgentInfo.ToProto":{"count":2451,"self":0.0171335,"total":0.2249012,"children":{"GenerateSensorData":{"count":2451,"self":0.0531233,"total":0.2077677,"children":{"RayPerceptionSensor.Perceive":{"count":2451,"self":0.1546444,"total":0.1546444,"children":null}}}}}}},"AgentInfo.ToProto":{"count":32153,"self":0.3588841,"total":3.8421743999999998,"children":{"GenerateSensorData":{"count":32153,"self":0.86680499999999994,"total":3.4832902999999997,"children":{"RayPerceptionSensor.Perceive":{"count":32153,"self":2.6164852,"total":2.6164853,"children":null}}}}}},"gauges":{"Evac.CumulativeReward":{"count":34604,"max":10.9915,"min":-55.9897728,"runningAverage":5.74674368,"value":3.93727636,"weightedAverage":4.763592}},"metadata":{"timer_format_version":"0.1.0","start_time_seconds":"1599217411","unity_version":"2019.4.8f1","command_line_arguments":"C:\\Program Files\\Unity\\Hub\\Editor\\2019.3.13f1\\Editor\\Unity.exe -projectpath C:\/Users\/AFFINITY\/Desktop\/MYS\/Evac_Simulation\/Evac_Simulation -useHub -hubIPC -cloudEnvironment production -hubSessionId 7f3bcf80-ec26-11ea-aab8-3b7c0a675946 -accessToken 3SOSypFG1D7b3Sr-3u2Snh2o76UpzuxTYAF223CkF9A00df","communication_protocol_version":"1.0.0","com.unity.ml-agents_version":"1.0.4","scene_name":"MLAgentTest","end_time_seconds":"1599222916"}}