{"count":1,"self":1489.0124288,"total":5979.0673468999994,"children":{"AgentSendState":{"count":1562667,"self":88.1461824,"total":605.60038969999994,"children":{"CollectObservations":{"count":5000544,"self":25.702712,"total":25.7027121,"children":null},"CollectDiscreteActionMasks":{"count":5000544,"self":7.114952,"total":7.1149517,"children":null},"AgentInfo.ToProto":{"count":5000544,"self":25.6856896,"total":484.6365431,"children":{"GenerateSensorData":{"count":5000544,"self":101.4767744,"total":458.95085339999997,"children":{"RayPerceptionSensor.Perceive":{"count":5000544,"self":357.4740736,"total":357.47407979999997,"children":null}}}}}}},"DecideAction":{"count":1562667,"self":2313.3632512,"total":2313.3632084,"children":null},"AgentAct":{"count":1562667,"self":1565.4281216,"total":1566.0083167999999,"children":{"AgentInfo.ToProto":{"count":5410,"self":0.046116,"total":0.58023289999999994,"children":{"GenerateSensorData":{"count":5410,"self":0.1482021,"total":0.5341169,"children":{"RayPerceptionSensor.Perceive":{"count":5410,"self":0.3859148,"total":0.3859148,"children":null}}}}}}},"AgentInfo.ToProto":{"count":40085,"self":0.4472063,"total":5.0799348,"children":{"GenerateSensorData":{"count":40085,"self":1.2217635999999998,"total":4.6327285,"children":{"RayPerceptionSensor.Perceive":{"count":40085,"self":3.4109648,"total":3.4109648999999997,"children":null}}}}}},"gauges":{"Evac.CumulativeReward":{"count":45495,"max":10.9915,"min":-51.206337,"runningAverage":6.54966,"value":10.8464966,"weightedAverage":8.352941}},"metadata":{"timer_format_version":"0.1.0","start_time_seconds":"1599154216","unity_version":"2019.4.8f1","command_line_arguments":"C:\\Program Files\\Unity\\Hub\\Editor\\2019.3.13f1\\Editor\\Unity.exe -projectpath C:\/Users\/AFFINITY\/Desktop\/MYS\/Evac_Simulation\/Evac_Simulation -useHub -hubIPC -cloudEnvironment production -hubSessionId 7f3bcf80-ec26-11ea-aab8-3b7c0a675946 -accessToken 3SOSypFG1D7b3Sr-3u2Snh2o76UpzuxTYAF223CkF9A00df","communication_protocol_version":"1.0.0","com.unity.ml-agents_version":"1.0.4","scene_name":"MLAgentTest","end_time_seconds":"1599160195"}}