{"count":1,"self":1167.5165696,"total":4915.5796992,"children":{"AgentSendState":{"count":1250151,"self":73.3901312,"total":528.7408907,"children":{"CollectObservations":{"count":5000620,"self":22.308715199999998,"total":22.3087159,"children":null},"CollectDiscreteActionMasks":{"count":5000620,"self":6.2636528,"total":6.263653,"children":null},"AgentInfo.ToProto":{"count":5000620,"self":23.1882032,"total":426.7783925,"children":{"GenerateSensorData":{"count":5000620,"self":75.273900799999993,"total":403.5901889,"children":{"RayPerceptionSensor.Perceive":{"count":5000620,"self":328.316288,"total":328.3162866,"children":null}}}}}}},"DecideAction":{"count":1250151,"self":1745.7268735999999,"total":1745.7268675,"children":null},"AgentAct":{"count":1250151,"self":1470.9065727999998,"total":1471.7443153,"children":{"AgentInfo.ToProto":{"count":9221,"self":0.083483099999999991,"total":0.8377144,"children":{"GenerateSensorData":{"count":9221,"self":0.1615644,"total":0.75423129999999994,"children":{"RayPerceptionSensor.Perceive":{"count":9221,"self":0.5926669,"total":0.5926669,"children":null}}}}}}},"AgentInfo.ToProto":{"count":18985,"self":0.16716599999999998,"total":1.8500758,"children":{"GenerateSensorData":{"count":18985,"self":0.3817809,"total":1.6829098,"children":{"RayPerceptionSensor.Perceive":{"count":18985,"self":1.3011289,"total":1.3011289,"children":null}}}}}},"gauges":{"Evac.CumulativeReward":{"count":28206,"max":10.9915,"min":-56.0003738,"runningAverage":0.640390038,"value":10.8104973,"weightedAverage":-2.638}},"metadata":{"timer_format_version":"0.1.0","start_time_seconds":"1599106376","unity_version":"2019.4.8f1","command_line_arguments":"C:\\Program Files\\Unity\\Hub\\Editor\\2019.3.13f1\\Editor\\Unity.exe -projectpath C:\/Users\/AFFINITY\/Desktop\/MYS\/Evac_Simulation\/Evac_Simulation -useHub -hubIPC -cloudEnvironment production -hubSessionId 7f3bcf80-ec26-11ea-aab8-3b7c0a675946 -accessToken 3SOSypFG1D7b3Sr-3u2Snh2o76UpzuxTYAF223CkF9A00df","communication_protocol_version":"1.0.0","com.unity.ml-agents_version":"1.0.4","scene_name":"MLAgentTest","end_time_seconds":"1599111291"}}