{"count":1,"self":2106.8578816,"total":7326.5312607999995,"children":{"AgentSendState":{"count":2361867,"self":93.2199552,"total":887.5966658,"children":{"CollectObservations":{"count":5000736,"self":22.830223999999998,"total":22.830223399999998,"children":null},"CollectDiscreteActionMasks":{"count":5000736,"self":6.715704,"total":6.7157037,"children":null},"AgentInfo.ToProto":{"count":5000736,"self":26.1674288,"total":764.8307824,"children":{"GenerateSensorData":{"count":5000736,"self":179.8003584,"total":738.6633532,"children":{"RayPerceptionSensor.Perceive":{"count":15002208,"self":558.8630016,"total":558.8629985,"children":null}}}}}}},"DecideAction":{"count":2361867,"self":3412.0986623999997,"total":3412.0986448999997,"children":null},"AgentAct":{"count":2361867,"self":911.136768,"total":911.1368104,"children":null},"AgentInfo.ToProto":{"count":47807,"self":0.5501334,"total":8.8392433999999991,"children":{"GenerateSensorData":{"count":47807,"self":2.3912828,"total":8.2891099999999991,"children":{"RayPerceptionSensor.Perceive":{"count":143421,"self":5.8978272,"total":5.8978272999999994,"children":null}}}}}},"gauges":{},"metadata":{"timer_format_version":"0.1.0","start_time_seconds":"1599386270","unity_version":"2019.4.8f1","command_line_arguments":"C:\\Program Files\\Unity\\Hub\\Editor\\2019.3.13f1\\Editor\\Unity.exe -projectpath C:\/Users\/AFFINITY\/Desktop\/MYS\/Evac_Simulation\/Evac_Simulation -useHub -hubIPC -cloudEnvironment production -hubSessionId 7f3bcf80-ec26-11ea-aab8-3b7c0a675946 -accessToken 3SOSypFG1D7b3Sr-3u2Snh2o76UpzuxTYAF223CkF9A00df","communication_protocol_version":"1.0.0","com.unity.ml-agents_version":"1.0.4","scene_name":"MLAgentMultiPlayer","end_time_seconds":"1599393596"}}