{
    "name": "root",
    "gauges": {
        "Evac.Policy.Entropy.mean": {
            "value": 0.2810593545436859,
            "min": 0.2782202661037445,
            "max": 1.163974404335022,
            "count": 63
        },
        "Evac.Environment.EpisodeLength.mean": {
            "value": 108.6856516976999,
            "min": 108.6856516976999,
            "max": 294.31470588235294,
            "count": 63
        },
        "Evac.Policy.ExtrinsicValueEstimate.mean": {
            "value": 6.4989094734191895,
            "min": 0.5914338827133179,
            "max": 6.4989094734191895,
            "count": 63
        },
        "Evac.Environment.CumulativeReward.mean": {
            "value": 10.631976475884072,
            "min": 3.3951558827140023,
            "max": 10.631976475884072,
            "count": 63
        },
        "Evac.Policy.ExtrinsicReward.mean": {
            "value": 10.631976475884072,
            "min": 3.3951558827140023,
            "max": 10.631976475884072,
            "count": 63
        },
        "Evac.Losses.ValueLoss.mean": {
            "value": 0.2765505313873291,
            "min": 0.08797157555818558,
            "max": 1.5933616161346436,
            "count": 63
        },
        "Evac.Losses.PolicyLoss.mean": {
            "value": 0.047855399549007416,
            "min": 0.0445735827088356,
            "max": 0.05046688765287399,
            "count": 63
        },
        "Evac.Policy.LearningRate.mean": {
            "value": 7.346073107328266e-05,
            "min": 7.346073107328266e-05,
            "max": 0.0002592306409496814,
            "count": 63
        },
        "Evac.Policy.Epsilon.mean": {
            "value": 0.12448689341545105,
            "min": 0.12448689341545105,
            "max": 0.18641017377376556,
            "count": 63
        },
        "Evac.Policy.Beta.mean": {
            "value": 0.0012318954104557633,
            "min": 0.0012318954104557633,
            "max": 0.004321868531405926,
            "count": 63
        },
        "Evac.IsTraining.mean": {
            "value": 1.0,
            "min": 1.0,
            "max": 1.0,
            "count": 63
        }
    },
    "metadata": {
        "timer_format_version": "0.1.0",
        "start_time_seconds": "1600397293",
        "python_version": "3.6.10 |Anaconda, Inc.| (default, May  7 2020, 19:46:08) [MSC v.1916 64 bit (AMD64)]",
        "command_line_arguments": "D:\\anaconda3\\envs\\ml-agent\\Scripts\\mlagents-learn ./config/ppo/Searcher.yaml --run-id=./Agent19_School2_02 --resume",
        "mlagents_version": "0.17.0",
        "mlagents_envs_version": "0.17.0",
        "communication_protocol_version": "1.0.0",
        "tensorflow_version": "2.3.0",
        "end_time_seconds": "1600408361"
    },
    "total": 11068.1286097,
    "count": 1,
    "self": 0.9965426999988267,
    "children": {
        "run_training.setup": {
            "total": 0.0057535,
            "count": 1,
            "self": 0.0057535
        },
        "TrainerController.start_learning": {
            "total": 11067.1263135,
            "count": 1,
            "self": 185.0142908998805,
            "children": {
                "TrainerController._reset_env": {
                    "total": 5.663477599999999,
                    "count": 1,
                    "self": 5.663477599999999
                },
                "TrainerController.advance": {
                    "total": 10876.236310800121,
                    "count": 669307,
                    "self": 5.664317900171227,
                    "children": {
                        "env_step": {
                            "total": 10870.57199289995,
                            "count": 669307,
                            "self": 9983.210836400132,
                            "children": {
                                "SubprocessEnvManager._take_step": {
                                    "total": 880.3876533998477,
                                    "count": 669307,
                                    "self": 16.333908599758843,
                                    "children": {
                                        "NNPolicy.evaluate": {
                                            "total": 864.0537448000889,
                                            "count": 648236,
                                            "self": 864.0537448000889
                                        }
                                    }
                                },
                                "workers": {
                                    "total": 6.973503099969905,
                                    "count": 669306,
                                    "self": 0.0,
                                    "children": {
                                        "worker_root": {
                                            "total": 11049.344476500577,
                                            "count": 669306,
                                            "is_parallel": true,
                                            "self": 1910.404444300506,
                                            "children": {
                                                "steps_from_proto": {
                                                    "total": 0.0017883,
                                                    "count": 1,
                                                    "is_parallel": true,
                                                    "self": 0.0001875000000000006,
                                                    "children": {
                                                        "_process_vector_observation": {
                                                            "total": 0.0016007999999999994,
                                                            "count": 10,
                                                            "is_parallel": true,
                                                            "self": 0.0016007999999999994
                                                        }
                                                    }
                                                },
                                                "UnityEnvironment.step": {
                                                    "total": 9138.938243900071,
                                                    "count": 669306,
                                                    "is_parallel": true,
                                                    "self": 135.23898160031058,
                                                    "children": {
                                                        "UnityEnvironment._generate_step_input": {
                                                            "total": 55.08750030067473,
                                                            "count": 669306,
                                                            "is_parallel": true,
                                                            "self": 55.08750030067473
                                                        },
                                                        "communicator.exchange": {
                                                            "total": 8315.756698598976,
                                                            "count": 669306,
                                                            "is_parallel": true,
                                                            "self": 8315.756698598976
                                                        },
                                                        "steps_from_proto": {
                                                            "total": 632.8550634001095,
                                                            "count": 669306,
                                                            "is_parallel": true,
                                                            "self": 93.83332299932545,