{
    "name": "root",
    "gauges": {
        "Evac.Policy.Entropy.mean": {
            "value": 0.5518600940704346,
            "min": 0.5518600940704346,
            "max": 1.3350294828414917,
            "count": 31
        },
        "Evac.Environment.EpisodeLength.mean": {
            "value": 144.92430858806404,
            "min": 28.0,
            "max": 259.7845744680851,
            "count": 31
        },
        "Evac.Policy.ExtrinsicValueEstimate.mean": {
            "value": 5.5101237297058105,
            "min": 0.7098153233528137,
            "max": 7.8883056640625,
            "count": 31
        },
        "Evac.Environment.CumulativeReward.mean": {
            "value": 9.774416334536658,
            "min": 4.328543851528554,
            "max": 10.943999290466309,
            "count": 31
        },
        "Evac.Policy.ExtrinsicReward.mean": {
            "value": 9.774416334536658,
            "min": 4.328543851528554,
            "max": 10.943999290466309,
            "count": 31
        },
        "Evac.IsTraining.mean": {
            "value": 1.0,
            "min": 1.0,
            "max": 1.0,
            "count": 31
        },
        "Evac.Losses.ValueLoss.mean": {
            "value": 0.33289554715156555,
            "min": 0.0909225344657898,
            "max": 27.02493667602539,
            "count": 30
        },
        "Evac.Losses.PolicyLoss.mean": {
            "value": 0.0482373870909214,
            "min": 0.04413241893053055,
            "max": 0.04919399321079254,
            "count": 30
        },
        "Evac.Policy.LearningRate.mean": {
            "value": 0.00015151305706240237,
            "min": 0.00015151305706240237,
            "max": 0.00023847851844038814,
            "count": 30
        },
        "Evac.Policy.Epsilon.mean": {
            "value": 0.15050433576107025,
            "min": 0.15050433576107025,
            "max": 0.17949283123016357,
            "count": 30
        },
        "Evac.Policy.Beta.mean": {
            "value": 0.002530166180804372,
            "min": 0.002530166180804372,
            "max": 0.003976691514253616,
            "count": 30
        }
    },
    "metadata": {
        "timer_format_version": "0.1.0",
        "start_time_seconds": "1600414683",
        "python_version": "3.6.10 |Anaconda, Inc.| (default, May  7 2020, 19:46:08) [MSC v.1916 64 bit (AMD64)]",
        "command_line_arguments": "D:\\anaconda3\\envs\\ml-agent\\Scripts\\mlagents-learn ./config/ppo/Searcher.yaml --run-id=./Agent19_School2_03 --resume",
        "mlagents_version": "0.17.0",
        "mlagents_envs_version": "0.17.0",
        "communication_protocol_version": "1.0.0",
        "tensorflow_version": "2.3.0",
        "end_time_seconds": "1600419795"
    },
    "total": 5112.202231,
    "count": 1,
    "self": 0.4228462999999465,
    "children": {
        "run_training.setup": {
            "total": 0.0051485,
            "count": 1,
            "self": 0.0051485
        },
        "TrainerController.start_learning": {
            "total": 5111.7742362,
            "count": 1,
            "self": 84.19198120004148,
            "children": {
                "TrainerController._reset_env": {
                    "total": 7.2206742,
                    "count": 1,
                    "self": 7.2206742
                },
                "TrainerController.advance": {
                    "total": 5019.6334339999585,
                    "count": 292747,
                    "self": 2.4343865001528684,
                    "children": {
                        "env_step": {
                            "total": 5017.199047499806,
                            "count": 292747,
                            "self": 4704.16566300003,
                            "children": {
                                "SubprocessEnvManager._take_step": {
                                    "total": 309.9956060997274,
                                    "count": 292747,
                                    "self": 7.20482639977871,
                                    "children": {
                                        "NNPolicy.evaluate": {
                                            "total": 302.7907796999487,
                                            "count": 285089,
                                            "self": 302.7907796999487
                                        }
                                    }
                                },
                                "workers": {
                                    "total": 3.0377784000488095,
                                    "count": 292746,
                                    "self": 0.0,
                                    "children": {
                                        "worker_root": {
                                            "total": 5098.245758299926,
                                            "count": 292746,
                                            "is_parallel": true,
                                            "self": 770.9369254999801,
                                            "children": {
                                                "steps_from_proto": {
                                                    "total": 0.0017640000000000002,
                                                    "count": 1,
                                                    "is_parallel": true,
                                                    "self": 0.00017979999999999993,
                                                    "children": {
                                                        "_process_vector_observation": {
                                                            "total": 0.0015842000000000002,
                                                            "count": 10,
                                                            "is_parallel": true,
                                                            "self": 0.0015842000000000002
                                                        }
                                                    }
                                                },
                                                "UnityEnvironment.step": {
                                                    "total": 4327.307068799946,
                                                    "count": 292746,
                                                    "is_parallel": true,
                                                    "self": 63.42369709936156,
                                                    "children": {
                                                        "UnityEnvironment._generate_step_input": {
                                                            "total": 25.3474457002004,
                                                            "count": 292746,
                                                            "is_parallel": true,
                                                            "self": 25.3474457002004
                                                        },
                                                        "communicator.exchange": {
                                                            "total": 3937.4823066002928,
                                                            "count": 292746,
                                                            "is_parallel": true,
                                                            "self": 3937.4823066002928
                                                        },
                                                        "steps_from_proto": {
                                                            "total": 301.05361940009175,
                                                            "count": 292746,
                                                            "is_parallel": true,
                                                            "self": 42.359799500710096,