{
    "name": "root",
    "gauges": {
        "Evac.Policy.Entropy.mean": {
            "value": 0.5583591461181641,
            "min": 0.5583591461181641,
            "max": 0.5583591461181641,
            "count": 1
        },
        "Evac.Policy.ExtrinsicValueEstimate.mean": {
            "value": -0.4929322898387909,
            "min": -0.4929322898387909,
            "max": -0.4929322898387909,
            "count": 1
        },
        "Evac.Environment.EpisodeLength.mean": {
            "value": 477.2901234567901,
            "min": 477.2901234567901,
            "max": 477.2901234567901,
            "count": 1
        },
        "Evac.Environment.CumulativeReward.mean": {
            "value": -4.607594483359544,
            "min": -4.607594483359544,
            "max": -4.607594483359544,
            "count": 1
        },
        "Evac.Policy.ExtrinsicReward.mean": {
            "value": -4.607594483359544,
            "min": -4.607594483359544,
            "max": -4.607594483359544,
            "count": 1
        },
        "Evac.Losses.ValueLoss.mean": {
            "value": 0.49790042638778687,
            "min": 0.49790042638778687,
            "max": 0.49790042638778687,
            "count": 1
        },
        "Evac.Losses.PolicyLoss.mean": {
            "value": 0.04922237619757652,
            "min": 0.04922237619757652,
            "max": 0.04922237619757652,
            "count": 1
        },
        "Evac.Policy.LearningRate.mean": {
            "value": 0.00017636256234254688,
            "min": 0.00017636256234254688,
            "max": 0.00017636256234254688,
            "count": 1
        },
        "Evac.Policy.Epsilon.mean": {
            "value": 0.15878751873970032,
            "min": 0.15878751873970032,
            "max": 0.15878751873970032,
            "count": 1
        },
        "Evac.Policy.Beta.mean": {
            "value": 0.0029434964526444674,
            "min": 0.0029434964526444674,
            "max": 0.0029434964526444674,
            "count": 1
        },
        "Evac.IsTraining.mean": {
            "value": 1.0,
            "min": 1.0,
            "max": 1.0,
            "count": 1
        }
    },
    "metadata": {
        "timer_format_version": "0.1.0",
        "start_time_seconds": "1600218946",
        "python_version": "3.6.10 |Anaconda, Inc.| (default, May  7 2020, 19:46:08) [MSC v.1916 64 bit (AMD64)]",
        "command_line_arguments": "C:\\Users\\AFFINITY\\anaconda3\\envs\\ml-agent\\Scripts\\mlagents-learn ./config/ppo/Searcher.yaml --run-id=./Agent19_School_03 --resume",
        "mlagents_version": "0.17.0",
        "mlagents_envs_version": "0.17.0",
        "communication_protocol_version": "1.0.0",
        "tensorflow_version": "2.3.0",
        "end_time_seconds": "1600219508"
    },
    "total": 561.341572,
    "count": 1,
    "self": 0.005890900000053989,
    "children": {
        "run_training.setup": {
            "total": 0.0293372,
            "count": 1,
            "self": 0.0293372
        },
        "TrainerController.start_learning": {
            "total": 561.3063439,
            "count": 1,
            "self": 13.170881199996302,
            "children": {
                "TrainerController._reset_env": {
                    "total": 21.5099048,
                    "count": 1,
                    "self": 21.5099048
                },
                "TrainerController.advance": {
                    "total": 526.2943438000037,
                    "count": 11450,
                    "self": 0.19197240000585225,
                    "children": {
                        "env_step": {
                            "total": 526.1023713999979,
                            "count": 11450,
                            "self": 505.98996199999965,
                            "children": {
                                "SubprocessEnvManager._take_step": {
                                    "total": 19.880431499998664,
                                    "count": 11450,
                                    "self": 0.630248299999689,
                                    "children": {
                                        "NNPolicy.evaluate": {
                                            "total": 19.250183199998975,
                                            "count": 11322,
                                            "self": 19.250183199998975
                                        }
                                    }
                                },
                                "workers": {
                                    "total": 0.23197789999957408,
                                    "count": 11449,
                                    "self": 0.0,
                                    "children": {
                                        "worker_root": {
                                            "total": 538.7994162,
                                            "count": 11449,
                                            "is_parallel": true,
                                            "self": 65.84450419999985,
                                            "children": {
                                                "steps_from_proto": {
                                                    "total": 0.009729100000000001,
                                                    "count": 1,
                                                    "is_parallel": true,
                                                    "self": 0.000905000000000003,
                                                    "children": {
                                                        "_process_vector_observation": {
                                                            "total": 0.008824099999999998,
                                                            "count": 10,
                                                            "is_parallel": true,
                                                            "self": 0.008824099999999998
                                                        }
                                                    }
                                                },
                                                "UnityEnvironment.step": {
                                                    "total": 472.94518290000013,
                                                    "count": 11449,
                                                    "is_parallel": true,
                                                    "self": 6.389998899994566,
                                                    "children": {
                                                        "UnityEnvironment._generate_step_input": {
                                                            "total": 2.5606288000011195,
                                                            "count": 11449,
                                                            "is_parallel": true,
                                                            "self": 2.5606288000011195
                                                        },
                                                        "communicator.exchange": {
                                                            "total": 432.74156920000354,
                                                            "count": 11449,
                                                            "is_parallel": true,
                                                            "self": 432.74156920000354
                                                        },
                                                        "steps_from_proto": {
                                                            "total": 31.25298600000095,
                                                            "count": 11449,
                                                            "is_parallel": true,
                                                            "self": 3.564315599996501,