{
    "name": "root",
    "gauges": {
        "Evac.Policy.Entropy.mean": {
            "value": 0.4633025825023651,
            "min": 0.37772536277770996,
            "max": 1.7392021417617798,
            "count": 44
        },
        "Evac.Policy.ExtrinsicValueEstimate.mean": {
            "value": 3.344330310821533,
            "min": -2.6265695095062256,
            "max": 3.3870720863342285,
            "count": 44
        },
        "Evac.Losses.ValueLoss.mean": {
            "value": 0.7047012448310852,
            "min": 0.21741199493408203,
            "max": 28.154754638671875,
            "count": 44
        },
        "Evac.Losses.PolicyLoss.mean": {
            "value": 0.04626034200191498,
            "min": 0.044647134840488434,
            "max": 0.049976423382759094,
            "count": 44
        },
        "Evac.Policy.LearningRate.mean": {
            "value": 0.00016952121222857386,
            "min": 0.00016952121222857386,
            "max": 0.00029848478152416646,
            "count": 44
        },
        "Evac.Policy.Epsilon.mean": {
            "value": 0.15650704503059387,
            "min": 0.15650704503059387,
            "max": 0.19949494302272797,
            "count": 44
        },
        "Evac.Policy.Beta.mean": {
            "value": 0.002829701639711857,
            "min": 0.002829701639711857,
            "max": 0.004974796902388334,
            "count": 44
        },
        "Evac.Environment.EpisodeLength.mean": {
            "value": 264.11466666666666,
            "min": 231.49302325581397,
            "max": 679.3642857142858,
            "count": 44
        },
        "Evac.Environment.CumulativeReward.mean": {
            "value": 5.066975016405185,
            "min": -18.53976811982159,
            "max": 6.312125777210689,
            "count": 44
        },
        "Evac.Policy.ExtrinsicReward.mean": {
            "value": 5.066975016405185,
            "min": -18.53976811982159,
            "max": 6.312125777210689,
            "count": 44
        },
        "Evac.IsTraining.mean": {
            "value": 1.0,
            "min": 1.0,
            "max": 1.0,
            "count": 44
        }
    },
    "metadata": {
        "timer_format_version": "0.1.0",
        "start_time_seconds": "1600239874",
        "python_version": "3.6.10 |Anaconda, Inc.| (default, May  7 2020, 19:46:08) [MSC v.1916 64 bit (AMD64)]",
        "command_line_arguments": "D:\\anaconda3\\envs\\ml-agent\\Scripts\\mlagents-learn ./config/ppo/Searcher.yaml --run-id=./Agent19_School_04 --force",
        "mlagents_version": "0.17.0",
        "mlagents_envs_version": "0.17.0",
        "communication_protocol_version": "1.0.0",
        "tensorflow_version": "2.3.0",
        "end_time_seconds": "1600247441"
    },
    "total": 7567.0418999,
    "count": 1,
    "self": 2.0428799000001163,
    "children": {
        "run_training.setup": {
            "total": 0.0053023,
            "count": 1,
            "self": 0.0053023
        },
        "TrainerController.start_learning": {
            "total": 7564.9937177,
            "count": 1,
            "self": 121.69478710022668,
            "children": {
                "TrainerController._reset_env": {
                    "total": 20.7377959,
                    "count": 1,
                    "self": 20.7377959
                },
                "TrainerController.advance": {
                    "total": 7421.823025699774,
                    "count": 445479,
                    "self": 3.858661400027813,
                    "children": {
                        "env_step": {
                            "total": 7417.964364299746,
                            "count": 445479,
                            "self": 6962.16624889962,
                            "children": {
                                "SubprocessEnvManager._take_step": {
                                    "total": 451.2517206001742,
                                    "count": 445479,
                                    "self": 11.178702199780389,
                                    "children": {
                                        "NNPolicy.evaluate": {
                                            "total": 440.07301840039383,
                                            "count": 437330,
                                            "self": 440.07301840039383
                                        }
                                    }
                                },
                                "workers": {
                                    "total": 4.546394799951859,
                                    "count": 445478,
                                    "self": 0.0,
                                    "children": {
                                        "worker_root": {
                                            "total": 7535.522379199818,
                                            "count": 445478,
                                            "is_parallel": true,
                                            "self": 1142.696680200048,
                                            "children": {
                                                "steps_from_proto": {
                                                    "total": 0.0017641,
                                                    "count": 1,
                                                    "is_parallel": true,
                                                    "self": 0.00017789999999999993,
                                                    "children": {
                                                        "_process_vector_observation": {
                                                            "total": 0.0015862,
                                                            "count": 10,
                                                            "is_parallel": true,
                                                            "self": 0.0015862
                                                        }
                                                    }
                                                },
                                                "UnityEnvironment.step": {
                                                    "total": 6392.8239348997695,
                                                    "count": 445478,
                                                    "is_parallel": true,
                                                    "self": 95.60566239925629,
                                                    "children": {
                                                        "UnityEnvironment._generate_step_input": {
                                                            "total": 38.05849270041034,
                                                            "count": 445478,
                                                            "is_parallel": true,
                                                            "self": 38.05849270041034
                                                        },
                                                        "communicator.exchange": {
                                                            "total": 5808.910924299968,
                                                            "count": 445478,
                                                            "is_parallel": true,
                                                            "self": 5808.910924299968
                                                        },
                                                        "steps_from_proto": {
                                                            "total": 450.24885550013437,
                                                            "count": 445478,
                                                            "is_parallel": true,
                                                            "self": 65.27108320035893,