{
    "name": "root",
    "gauges": {
        "Evac.Policy.Entropy.mean": {
            "value": 0.1833048313856125,
            "min": 0.1833048313856125,
            "max": 1.5882399082183838,
            "count": 5
        },
        "Evac.Environment.EpisodeLength.mean": {
            "value": 399.0,
            "min": 317.14285714285717,
            "max": 399.0,
            "count": 5
        },
        "Evac.Policy.ExtrinsicValueEstimate.mean": {
            "value": -0.05089957267045975,
            "min": -1.1607651710510254,
            "max": -0.05089957267045975,
            "count": 5
        },
        "Evac.Environment.CumulativeReward.mean": {
            "value": -1.0192000672221184,
            "min": -75.56607283705047,
            "max": -1.0192000672221184,
            "count": 5
        },
        "Evac.Policy.ExtrinsicReward.mean": {
            "value": -1.0192000672221184,
            "min": -75.56607283705047,
            "max": -1.0192000672221184,
            "count": 5
        },
        "Evac.Losses.ValueLoss.mean": {
            "value": 0.00039951084181666374,
            "min": 0.00039951084181666374,
            "max": 3.758815050125122,
            "count": 5
        },
        "Evac.Losses.PolicyLoss.mean": {
            "value": 0.09548857808113098,
            "min": 0.09138085693120956,
            "max": 0.10236137360334396,
            "count": 5
        },
        "Evac.Policy.LearningRate.mean": {
            "value": 0.0002865436254069209,
            "min": 0.0002865436254069209,
            "max": 0.0002983692102134228,
            "count": 5
        },
        "Evac.Policy.Epsilon.mean": {
            "value": 0.29102906584739685,
            "min": 0.29102906584739685,
            "max": 0.29891282320022583,
            "count": 5
        },
        "Evac.Policy.Beta.mean": {
            "value": 0.004776175133883953,
            "min": 0.004776175133883953,
            "max": 0.004972874186933041,
            "count": 5
        },
        "Evac.IsTraining.mean": {
            "value": 1.0,
            "min": 1.0,
            "max": 1.0,
            "count": 5
        }
    },
    "metadata": {
        "timer_format_version": "0.1.0",
        "start_time_seconds": "1598516087",
        "python_version": "3.6.10 |Anaconda, Inc.| (default, May  7 2020, 19:46:08) [MSC v.1916 64 bit (AMD64)]",
        "command_line_arguments": "D:\\anaconda3\\envs\\ml-agent\\Scripts\\mlagents-learn ./config/ppo/Searcher.yaml --run-id=./Searcher_04 --force",
        "mlagents_version": "0.17.0",
        "mlagents_envs_version": "0.17.0",
        "communication_protocol_version": "1.0.0",
        "tensorflow_version": "2.3.0",
        "end_time_seconds": "1598516127"
    },
    "total": 39.4731336,
    "count": 1,
    "self": 0.003241400000000283,
    "children": {
        "run_training.setup": {
            "total": 0.0054007,
            "count": 1,
            "self": 0.0054007
        },
        "TrainerController.start_learning": {
            "total": 39.464491499999994,
            "count": 1,
            "self": 3.013645299999915,
            "children": {
                "TrainerController._reset_env": {
                    "total": 5.198128199999999,
                    "count": 1,
                    "self": 5.198128199999999
                },
                "TrainerController.advance": {
                    "total": 31.002266000000073,
                    "count": 3499,
                    "self": 0.02962970000010401,
                    "children": {
                        "env_step": {
                            "total": 30.97263629999997,
                            "count": 3499,
                            "self": 28.268863800000172,
                            "children": {
                                "SubprocessEnvManager._take_step": {
                                    "total": 2.6693935999998724,
                                    "count": 3499,
                                    "self": 0.09362989999990923,
                                    "children": {
                                        "NNPolicy.evaluate": {
                                            "total": 2.575763699999963,
                                            "count": 3437,
                                            "self": 2.575763699999963
                                        }
                                    }
                                },
                                "workers": {
                                    "total": 0.03437889999992372,
                                    "count": 3498,
                                    "self": 0.0,
                                    "children": {
                                        "worker_root": {
                                            "total": 33.82745950000004,
                                            "count": 3498,
                                            "is_parallel": true,
                                            "self": 10.915980100000006,
                                            "children": {
                                                "steps_from_proto": {
                                                    "total": 0.0005902,
                                                    "count": 1,
                                                    "is_parallel": true,
                                                    "self": 0.0001361,
                                                    "children": {
                                                        "_process_vector_observation": {
                                                            "total": 0.00045410000000000003,
                                                            "count": 2,
                                                            "is_parallel": true,
                                                            "self": 0.00045410000000000003
                                                        }
                                                    }
                                                },
                                                "UnityEnvironment.step": {
                                                    "total": 22.91088920000003,
                                                    "count": 3498,
                                                    "is_parallel": true,
                                                    "self": 0.44921750000013816,
                                                    "children": {
                                                        "UnityEnvironment._generate_step_input": {
                                                            "total": 0.3855137000001094,
                                                            "count": 3498,
                                                            "is_parallel": true,
                                                            "self": 0.3855137000001094
                                                        },
                                                        "communicator.exchange": {
                                                            "total": 20.421597399999857,
                                                            "count": 3498,
                                                            "is_parallel": true,
                                                            "self": 20.421597399999857
                                                        },
                                                        "steps_from_proto": {
                                                            "total": 1.6545605999999269,
                                                            "count": 3498,
                                                            "is_parallel": true,
                                                            "self": 0.4179251999999911,