{
    "name": "root",
    "gauges": {
        "Evac.Policy.Entropy.mean": {
            "value": 0.5642054677009583,
            "min": 0.5642054677009583,
            "max": 0.5642054677009583,
            "count": 1
        },
        "Evac.Environment.EpisodeLength.mean": {
            "value": 181.88698630136986,
            "min": 181.88698630136986,
            "max": 181.88698630136986,
            "count": 1
        },
        "Evac.Policy.ExtrinsicValueEstimate.mean": {
            "value": 0.6615278124809265,
            "min": 0.6615278124809265,
            "max": 0.6615278124809265,
            "count": 1
        },
        "Evac.Environment.CumulativeReward.mean": {
            "value": 4.418774087428536,
            "min": 4.418774087428536,
            "max": 4.418774087428536,
            "count": 1
        },
        "Evac.Policy.ExtrinsicReward.mean": {
            "value": 4.418774087428536,
            "min": 4.418774087428536,
            "max": 4.418774087428536,
            "count": 1
        },
        "Evac.Losses.ValueLoss.mean": {
            "value": 1.1963002681732178,
            "min": 1.1963002681732178,
            "max": 1.1963002681732178,
            "count": 1
        },
        "Evac.Losses.PolicyLoss.mean": {
            "value": 0.09760357439517975,
            "min": 0.09760357439517975,
            "max": 0.09760357439517975,
            "count": 1
        },
        "Evac.Policy.LearningRate.mean": {
            "value": 0.00012767233420163393,
            "min": 0.00012767233420163393,
            "max": 0.00012767233420163393,
            "count": 1
        },
        "Evac.Policy.Epsilon.mean": {
            "value": 0.18511486053466797,
            "min": 0.18511486053466797,
            "max": 0.18511486053466797,
            "count": 1
        },
        "Evac.Policy.Beta.mean": {
            "value": 0.0021336155477911234,
            "min": 0.0021336155477911234,
            "max": 0.0021336155477911234,
            "count": 1
        },
        "Evac.IsTraining.mean": {
            "value": 1.0,
            "min": 1.0,
            "max": 1.0,
            "count": 1
        }
    },
    "metadata": {
        "timer_format_version": "0.1.0",
        "start_time_seconds": "1599047857",
        "python_version": "3.6.10 |Anaconda, Inc.| (default, May  7 2020, 19:46:08) [MSC v.1916 64 bit (AMD64)]",
        "command_line_arguments": "E:\\anaconda3\\envs\\ml-agent\\Scripts\\mlagents-learn ./config/ppo/Searcher.yaml --run-id=./Searcher_Nav_03 --resume",
        "mlagents_version": "0.17.0",
        "mlagents_envs_version": "0.17.0",
        "communication_protocol_version": "1.0.0",
        "tensorflow_version": "2.0.0",
        "end_time_seconds": "1599048107"
    },
    "total": 250.1746645,
    "count": 1,
    "self": 0.01003740000001585,
    "children": {
        "run_training.setup": {
            "total": 0.2191226,
            "count": 1,
            "self": 0.2191226
        },
        "TrainerController.start_learning": {
            "total": 249.9455045,
            "count": 1,
            "self": 5.866762700000265,
            "children": {
                "TrainerController._reset_env": {
                    "total": 27.3174981,
                    "count": 1,
                    "self": 27.3174981
                },
                "TrainerController.advance": {
                    "total": 216.17745029999975,
                    "count": 4686,
                    "self": 0.079139499999485,
                    "children": {
                        "env_step": {
                            "total": 216.09831080000026,
                            "count": 4686,
                            "self": 209.5836635999986,
                            "children": {
                                "SubprocessEnvManager._take_step": {
                                    "total": 6.426339300001356,
                                    "count": 4686,
                                    "self": 0.24493640000138583,
                                    "children": {
                                        "NNPolicy.evaluate": {
                                            "total": 6.18140289999997,
                                            "count": 4364,
                                            "self": 6.18140289999997
                                        }
                                    }
                                },
                                "workers": {
                                    "total": 0.08830790000031996,
                                    "count": 4685,
                                    "self": 0.0,
                                    "children": {
                                        "worker_root": {
                                            "total": 221.3882259000008,
                                            "count": 4685,
                                            "is_parallel": true,
                                            "self": 27.35845659999987,
                                            "children": {
                                                "steps_from_proto": {
                                                    "total": 0.0022401,
                                                    "count": 1,
                                                    "is_parallel": true,
                                                    "self": 0.00035960000000000007,
                                                    "children": {
                                                        "_process_vector_observation": {
                                                            "total": 0.0018805,
                                                            "count": 4,
                                                            "is_parallel": true,
                                                            "self": 0.0018805
                                                        }
                                                    }
                                                },
                                                "UnityEnvironment.step": {
                                                    "total": 194.02752920000094,
                                                    "count": 4685,
                                                    "is_parallel": true,
                                                    "self": 1.5094327000025487,
                                                    "children": {
                                                        "UnityEnvironment._generate_step_input": {
                                                            "total": 1.2911362999994558,
                                                            "count": 4685,
                                                            "is_parallel": true,
                                                            "self": 1.2911362999994558
                                                        },
                                                        "communicator.exchange": {
                                                            "total": 183.11709369999997,
                                                            "count": 4685,
                                                            "is_parallel": true,
                                                            "self": 183.11709369999997
                                                        },
                                                        "steps_from_proto": {
                                                            "total": 8.109866499998965,
                                                            "count": 4685,
                                                            "is_parallel": true,
                                                            "self": 1.3404318999984444,