{
    "name": "root",
    "gauges": {
        "Evac.Policy.Entropy.mean": {
            "value": 0.4657338559627533,
            "min": 0.4657338559627533,
            "max": 0.5999740958213806,
            "count": 21
        },
        "Evac.Environment.EpisodeLength.mean": {
            "value": 193.29296875,
            "min": 183.04972375690608,
            "max": 220.0995575221239,
            "count": 21
        },
        "Evac.Policy.ExtrinsicValueEstimate.mean": {
            "value": 1.1822450160980225,
            "min": 0.2460544854402542,
            "max": 1.1822450160980225,
            "count": 21
        },
        "Evac.Environment.CumulativeReward.mean": {
            "value": 3.6391231262678048,
            "min": 2.5810974473463353,
            "max": 4.23981484359514,
            "count": 21
        },
        "Evac.Policy.ExtrinsicReward.mean": {
            "value": 3.6391231262678048,
            "min": 2.5810974473463353,
            "max": 4.23981484359514,
            "count": 21
        },
        "Evac.Losses.ValueLoss.mean": {
            "value": 1.0850752592086792,
            "min": 0.7897197604179382,
            "max": 1.2365047931671143,
            "count": 21
        },
        "Evac.Losses.PolicyLoss.mean": {
            "value": 0.09568072110414505,
            "min": 0.09481827914714813,
            "max": 0.09812657535076141,
            "count": 21
        },
        "Evac.Policy.LearningRate.mean": {
            "value": 3.0058340598770883e-06,
            "min": 3.0058340598770883e-06,
            "max": 0.00012205499660922214,
            "count": 21
        },
        "Evac.Policy.Epsilon.mean": {
            "value": 0.10200382769107819,
            "min": 0.10200382769107819,
            "max": 0.18136996030807495,
            "count": 21
        },
        "Evac.Policy.Beta.mean": {
            "value": 5.999538552714512e-05,
            "min": 5.999538552714512e-05,
            "max": 0.002040180144831538,
            "count": 21
        },
        "Evac.IsTraining.mean": {
            "value": 1.0,
            "min": 1.0,
            "max": 1.0,
            "count": 21
        }
    },
    "metadata": {
        "timer_format_version": "0.1.0",
        "start_time_seconds": "1599048261",
        "python_version": "3.6.10 |Anaconda, Inc.| (default, May  7 2020, 19:46:08) [MSC v.1916 64 bit (AMD64)]",
        "command_line_arguments": "C:\\Users\\AFFINITY\\anaconda3\\envs\\ml-agent\\Scripts\\mlagents-learn ./config/ppo/Searcher.yaml --run-id=./Searcher_Nav_03 --resume",
        "mlagents_version": "0.17.0",
        "mlagents_envs_version": "0.17.0",
        "communication_protocol_version": "1.0.0",
        "tensorflow_version": "2.3.0",
        "end_time_seconds": "1599050193"
    },
    "total": 1932.2129982,
    "count": 1,
    "self": 0.558249700000033,
    "children": {
        "run_training.setup": {
            "total": 0.007178400000000001,
            "count": 1,
            "self": 0.007178400000000001
        },
        "TrainerController.start_learning": {
            "total": 1931.6475701,
            "count": 1,
            "self": 55.69640830000003,
            "children": {
                "TrainerController._reset_env": {
                    "total": 7.9992498,
                    "count": 1,
                    "self": 7.9992498
                },
                "TrainerController.advance": {
                    "total": 1867.7854329,
                    "count": 111865,
                    "self": 1.1335540000425226,
                    "children": {
                        "env_step": {
                            "total": 1866.6518788999574,
                            "count": 111865,
                            "self": 1779.228196899955,
                            "children": {
                                "SubprocessEnvManager._take_step": {
                                    "total": 85.97137070003369,
                                    "count": 111865,
                                    "self": 3.6895577000381223,
                                    "children": {
                                        "NNPolicy.evaluate": {
                                            "total": 82.28181299999557,
                                            "count": 103548,
                                            "self": 82.28181299999557
                                        }
                                    }
                                },
                                "workers": {
                                    "total": 1.4523112999687768,
                                    "count": 111865,
                                    "self": 0.0,
                                    "children": {
                                        "worker_root": {
                                            "total": 1920.9448302000555,
                                            "count": 111865,
                                            "is_parallel": true,
                                            "self": 364.1820308000463,
                                            "children": {
                                                "steps_from_proto": {
                                                    "total": 0.0008835000000000001,
                                                    "count": 1,
                                                    "is_parallel": true,
                                                    "self": 0.00016839999999999997,
                                                    "children": {
                                                        "_process_vector_observation": {
                                                            "total": 0.0007151000000000001,
                                                            "count": 4,
                                                            "is_parallel": true,
                                                            "self": 0.0007151000000000001
                                                        }
                                                    }
                                                },
                                                "UnityEnvironment.step": {
                                                    "total": 1556.7619159000092,
                                                    "count": 111865,
                                                    "is_parallel": true,
                                                    "self": 23.34715880003,
                                                    "children": {
                                                        "UnityEnvironment._generate_step_input": {
                                                            "total": 17.359871600013925,
                                                            "count": 111865,
                                                            "is_parallel": true,
                                                            "self": 17.359871600013925
                                                        },
                                                        "communicator.exchange": {
                                                            "total": 1422.053908000008,
                                                            "count": 111865,
                                                            "is_parallel": true,
                                                            "self": 1422.053908000008
                                                        },
                                                        "steps_from_proto": {
                                                            "total": 94.0009774999571,
                                                            "count": 111865,
                                                            "is_parallel": true,
                                                            "self": 17.09282149991124,